conditionCode,tip
E11,Monitor your blood sugar levels regularly as recommended by your healthcare provider.
E11,Follow a balanced diet with controlled portions of carbohydrates throughout the day.
E11,Engage in at least 150 minutes of moderate aerobic activity per week.
E11,Maintain a healthy weight through diet and exercise.
E11,Take medications as prescribed and attend regular check-ups.
E11,Stay hydrated and limit sugary beverages.
E11,"Check your feet daily for any cuts, blisters, or signs of infection."
I10,Monitor your blood pressure regularly at home and keep a log.
I10,"Reduce sodium intake to less than 2,300 mg per day."
I10,Exercise regularly - aim for 30 minutes of moderate activity most days.
I10,Maintain a healthy weight through diet and exercise.
I10,Limit alcohol consumption and avoid smoking.
I10,Manage stress through relaxation techniques like meditation or yoga.
I10,Take blood pressure medications as prescribed.
J45,"Identify and avoid your asthma triggers (dust, pollen, smoke, etc.)."
J45,Always carry your rescue inhaler with you.
J45,"Use your controller medication daily as prescribed, even when feeling well."
J45,Monitor your peak flow readings regularly.
J45,Get annual flu vaccines and stay up to date with pneumonia vaccines.
J45,Exercise regularly but warm up properly and follow your asthma action plan.
J45,Keep your home clean and free from dust mites and allergens.
E78,Follow a heart-healthy diet low in saturated and trans fats.
E78,"Include more fiber-rich foods like oats, beans, and vegetables."
E78,Exercise regularly - aim for at least 150 minutes per week.
E78,Maintain a healthy weight.
E78,Quit smoking if you smoke.
E78,Limit alcohol consumption.
E78,Take cholesterol-lowering medications as prescribed.
M81,"Get adequate calcium (1,000-1,200 mg daily) through diet or supplements."
M81,"Ensure sufficient vitamin D intake (800-1,000 IU daily)."
M81,Engage in weight-bearing and muscle-strengthening exercises regularly.
M81,Avoid smoking and limit alcohol consumption.
M81,"Take fall-prevention measures at home (remove rugs, improve lighting)."
M81,Have your bone density checked as recommended by your doctor.
M81,Take osteoporosis medications as prescribed.
